,path,gender,emotion,sgram_means
20,C:\Users\nrahm\emotion-from-speech\data/raw/ravdess_audios/Actor_01/03-01-04-01-01-01-01.wav,male,sad,35.471916
21,C:\Users\nrahm\emotion-from-speech\data/raw/ravdess_audios/Actor_01/03-01-04-01-01-02-01.wav,male,sad,34.994274
22,C:\Users\nrahm\emotion-from-speech\data/raw/ravdess_audios/Actor_01/03-01-04-01-02-01-01.wav,male,sad,34.307724
23,C:\Users\nrahm\emotion-from-speech\data/raw/ravdess_audios/Actor_01/03-01-04-01-02-02-01.wav,male,sad,44.77645
24,C:\Users\nrahm\emotion-from-speech\data/raw/ravdess_audios/Actor_01/03-01-04-02-01-01-01.wav,male,sad,49.883297
25,C:\Users\nrahm\emotion-from-speech\data/raw/ravdess_audios/Actor_01/03-01-04-02-01-02-01.wav,male,sad,42.943092
26,C:\Users\nrahm\emotion-from-speech\data/raw/ravdess_audios/Actor_01/03-01-04-02-02-01-01.wav,male,sad,43.863888
27,C:\Users\nrahm\emotion-from-speech\data/raw/ravdess_audios/Actor_01/03-01-04-02-02-02-01.wav,male,sad,46.42882
28,C:\Users\nrahm\emotion-from-speech\data/raw/ravdess_audios/Actor_01/03-01-05-01-01-01-01.wav,male,angry,49.27283
29,C:\Users\nrahm\emotion-from-speech\data/raw/ravdess_audios/Actor_01/03-01-05-01-01-02-01.wav,male,angry,50.53555
30,C:\Users\nrahm\emotion-from-speech\data/raw/ravdess_audios/Actor_01/03-01-05-01-02-01-01.wav,male,angry,48.506817
31,C:\Users\nrahm\emotion-from-speech\data/raw/ravdess_audios/Actor_01/03-01-05-01-02-02-01.wav,male,angry,51.3282
32,C:\Users\nrahm\emotion-from-speech\data/raw/ravdess_audios/Actor_01/03-01-05-02-01-01-01.wav,male,angry,64.54329
33,C:\Users\nrahm\emotion-from-speech\data/raw/ravdess_audios/Actor_01/03-01-05-02-01-02-01.wav,male,angry,58.590336
34,C:\Users\nrahm\emotion-from-speech\data/raw/ravdess_audios/Actor_01/03-01-05-02-02-01-01.wav,male,angry,55.13997
35,C:\Users\nrahm\emotion-from-speech\data/raw/ravdess_audios/Actor_01/03-01-05-02-02-02-01.wav,male,angry,66.95085
80,C:\Users\nrahm\emotion-from-speech\data/raw/ravdess_audios/Actor_02/03-01-04-01-01-01-02.wav,female,sad,34.25116
81,C:\Users\nrahm\emotion-from-speech\data/raw/ravdess_audios/Actor_02/03-01-04-01-01-02-02.wav,female,sad,37.081295
82,C:\Users\nrahm\emotion-from-speech\data/raw/ravdess_audios/Actor_02/03-01-04-01-02-01-02.wav,female,sad,38.585644
83,C:\Users\nrahm\emotion-from-speech\data/raw/ravdess_audios/Actor_02/03-01-04-01-02-02-02.wav,female,sad,36.16355
84,C:\Users\nrahm\emotion-from-speech\data/raw/ravdess_audios/Actor_02/03-01-04-02-01-01-02.wav,female,sad,37.357845
85,C:\Users\nrahm\emotion-from-speech\data/raw/ravdess_audios/Actor_02/03-01-04-02-01-02-02.wav,female,sad,34.627457
86,C:\Users\nrahm\emotion-from-speech\data/raw/ravdess_audios/Actor_02/03-01-04-02-02-01-02.wav,female,sad,37.969692
87,C:\Users\nrahm\emotion-from-speech\data/raw/ravdess_audios/Actor_02/03-01-04-02-02-02-02.wav,female,sad,36.7815
88,C:\Users\nrahm\emotion-from-speech\data/raw/ravdess_audios/Actor_02/03-01-05-01-01-01-02.wav,female,angry,48.534035
89,C:\Users\nrahm\emotion-from-speech\data/raw/ravdess_audios/Actor_02/03-01-05-01-01-02-02.wav,female,angry,49.708195
90,C:\Users\nrahm\emotion-from-speech\data/raw/ravdess_audios/Actor_02/03-01-05-01-02-01-02.wav,female,angry,47.442844
91,C:\Users\nrahm\emotion-from-speech\data/raw/ravdess_audios/Actor_02/03-01-05-01-02-02-02.wav,female,angry,47.156624
92,C:\Users\nrahm\emotion-from-speech\data/raw/ravdess_audios/Actor_02/03-01-05-02-01-01-02.wav,female,angry,58.21265
93,C:\Users\nrahm\emotion-from-speech\data/raw/ravdess_audios/Actor_02/03-01-05-02-01-02-02.wav,female,angry,56.12148
94,C:\Users\nrahm\emotion-from-speech\data/raw/ravdess_audios/Actor_02/03-01-05-02-02-01-02.wav,female,angry,61.369865
95,C:\Users\nrahm\emotion-from-speech\data/raw/ravdess_audios/Actor_02/03-01-05-02-02-02-02.wav,female,angry,60.646954
140,C:\Users\nrahm\emotion-from-speech\data/raw/ravdess_audios/Actor_03/03-01-04-01-01-01-03.wav,male,sad,32.953506
141,C:\Users\nrahm\emotion-from-speech\data/raw/ravdess_audios/Actor_03/03-01-04-01-01-02-03.wav,male,sad,34.413326
142,C:\Users\nrahm\emotion-from-speech\data/raw/ravdess_audios/Actor_03/03-01-04-01-02-01-03.wav,male,sad,37.5976
143,C:\Users\nrahm\emotion-from-speech\data/raw/ravdess_audios/Actor_03/03-01-04-01-02-02-03.wav,male,sad,36.48755
144,C:\Users\nrahm\emotion-from-speech\data/raw/ravdess_audios/Actor_03/03-01-04-02-01-01-03.wav,male,sad,53.93568
145,C:\Users\nrahm\emotion-from-speech\data/raw/ravdess_audios/Actor_03/03-01-04-02-01-02-03.wav,male,sad,57.322395
146,C:\Users\nrahm\emotion-from-speech\data/raw/ravdess_audios/Actor_03/03-01-04-02-02-01-03.wav,male,sad,55.121696
147,C:\Users\nrahm\emotion-from-speech\data/raw/ravdess_audios/Actor_03/03-01-04-02-02-02-03.wav,male,sad,53.94448
148,C:\Users\nrahm\emotion-from-speech\data/raw/ravdess_audios/Actor_03/03-01-05-01-01-01-03.wav,male,angry,37.42026
149,C:\Users\nrahm\emotion-from-speech\data/raw/ravdess_audios/Actor_03/03-01-05-01-01-02-03.wav,male,angry,46.545513
150,C:\Users\nrahm\emotion-from-speech\data/raw/ravdess_audios/Actor_03/03-01-05-01-02-01-03.wav,male,angry,42.429497
151,C:\Users\nrahm\emotion-from-speech\data/raw/ravdess_audios/Actor_03/03-01-05-01-02-02-03.wav,male,angry,46.957573
152,C:\Users\nrahm\emotion-from-speech\data/raw/ravdess_audios/Actor_03/03-01-05-02-01-01-03.wav,male,angry,60.360817
153,C:\Users\nrahm\emotion-from-speech\data/raw/ravdess_audios/Actor_03/03-01-05-02-01-02-03.wav,male,angry,61.342285
154,C:\Users\nrahm\emotion-from-speech\data/raw/ravdess_audios/Actor_03/03-01-05-02-02-01-03.wav,male,angry,72.97671
155,C:\Users\nrahm\emotion-from-speech\data/raw/ravdess_audios/Actor_03/03-01-05-02-02-02-03.wav,male,angry,63.087437
200,C:\Users\nrahm\emotion-from-speech\data/raw/ravdess_audios/Actor_04/03-01-04-01-01-01-04.wav,female,sad,35.021446
201,C:\Users\nrahm\emotion-from-speech\data/raw/ravdess_audios/Actor_04/03-01-04-01-01-02-04.wav,female,sad,44.12279
202,C:\Users\nrahm\emotion-from-speech\data/raw/ravdess_audios/Actor_04/03-01-04-01-02-01-04.wav,female,sad,43.728035
203,C:\Users\nrahm\emotion-from-speech\data/raw/ravdess_audios/Actor_04/03-01-04-01-02-02-04.wav,female,sad,45.251087
204,C:\Users\nrahm\emotion-from-speech\data/raw/ravdess_audios/Actor_04/03-01-04-02-01-01-04.wav,female,sad,49.595455
205,C:\Users\nrahm\emotion-from-speech\data/raw/ravdess_audios/Actor_04/03-01-04-02-01-02-04.wav,female,sad,53.925705
206,C:\Users\nrahm\emotion-from-speech\data/raw/ravdess_audios/Actor_04/03-01-04-02-02-01-04.wav,female,sad,56.194073
207,C:\Users\nrahm\emotion-from-speech\data/raw/ravdess_audios/Actor_04/03-01-04-02-02-02-04.wav,female,sad,54.09994
208,C:\Users\nrahm\emotion-from-speech\data/raw/ravdess_audios/Actor_04/03-01-05-01-01-01-04.wav,female,angry,48.846176
209,C:\Users\nrahm\emotion-from-speech\data/raw/ravdess_audios/Actor_04/03-01-05-01-01-02-04.wav,female,angry,51.817696
210,C:\Users\nrahm\emotion-from-speech\data/raw/ravdess_audios/Actor_04/03-01-05-01-02-01-04.wav,female,angry,50.025143
211,C:\Users\nrahm\emotion-from-speech\data/raw/ravdess_audios/Actor_04/03-01-05-01-02-02-04.wav,female,angry,48.280876
212,C:\Users\nrahm\emotion-from-speech\data/raw/ravdess_audios/Actor_04/03-01-05-02-01-01-04.wav,female,angry,60.4063
213,C:\Users\nrahm\emotion-from-speech\data/raw/ravdess_audios/Actor_04/03-01-05-02-01-02-04.wav,female,angry,59.7831
214,C:\Users\nrahm\emotion-from-speech\data/raw/ravdess_audios/Actor_04/03-01-05-02-02-01-04.wav,female,angry,61.255688
215,C:\Users\nrahm\emotion-from-speech\data/raw/ravdess_audios/Actor_04/03-01-05-02-02-02-04.wav,female,angry,58.41957
260,C:\Users\nrahm\emotion-from-speech\data/raw/ravdess_audios/Actor_05/03-01-04-01-01-01-05.wav,male,sad,34.321377
261,C:\Users\nrahm\emotion-from-speech\data/raw/ravdess_audios/Actor_05/03-01-04-01-01-02-05.wav,male,sad,38.629192
262,C:\Users\nrahm\emotion-from-speech\data/raw/ravdess_audios/Actor_05/03-01-04-01-02-01-05.wav,male,sad,18.27157
263,C:\Users\nrahm\emotion-from-speech\data/raw/ravdess_audios/Actor_05/03-01-04-01-02-02-05.wav,male,sad,42.693142
264,C:\Users\nrahm\emotion-from-speech\data/raw/ravdess_audios/Actor_05/03-01-04-02-01-01-05.wav,male,sad,40.48202
265,C:\Users\nrahm\emotion-from-speech\data/raw/ravdess_audios/Actor_05/03-01-04-02-01-02-05.wav,male,sad,50.71383
266,C:\Users\nrahm\emotion-from-speech\data/raw/ravdess_audios/Actor_05/03-01-04-02-02-01-05.wav,male,sad,53.75292
267,C:\Users\nrahm\emotion-from-speech\data/raw/ravdess_audios/Actor_05/03-01-04-02-02-02-05.wav,male,sad,47.397903
268,C:\Users\nrahm\emotion-from-speech\data/raw/ravdess_audios/Actor_05/03-01-05-01-01-01-05.wav,male,angry,54.27832
269,C:\Users\nrahm\emotion-from-speech\data/raw/ravdess_audios/Actor_05/03-01-05-01-01-02-05.wav,male,angry,55.659943
270,C:\Users\nrahm\emotion-from-speech\data/raw/ravdess_audios/Actor_05/03-01-05-01-02-01-05.wav,male,angry,49.09402
271,C:\Users\nrahm\emotion-from-speech\data/raw/ravdess_audios/Actor_05/03-01-05-01-02-02-05.wav,male,angry,51.747185
272,C:\Users\nrahm\emotion-from-speech\data/raw/ravdess_audios/Actor_05/03-01-05-02-01-01-05.wav,male,angry,66.344666
273,C:\Users\nrahm\emotion-from-speech\data/raw/ravdess_audios/Actor_05/03-01-05-02-01-02-05.wav,male,angry,66.01767
274,C:\Users\nrahm\emotion-from-speech\data/raw/ravdess_audios/Actor_05/03-01-05-02-02-01-05.wav,male,angry,67.193
275,C:\Users\nrahm\emotion-from-speech\data/raw/ravdess_audios/Actor_05/03-01-05-02-02-02-05.wav,male,angry,68.21733
320,C:\Users\nrahm\emotion-from-speech\data/raw/ravdess_audios/Actor_06/03-01-04-01-01-01-06.wav,female,sad,19.875763
321,C:\Users\nrahm\emotion-from-speech\data/raw/ravdess_audios/Actor_06/03-01-04-01-01-02-06.wav,female,sad,21.364927
322,C:\Users\nrahm\emotion-from-speech\data/raw/ravdess_audios/Actor_06/03-01-04-01-02-01-06.wav,female,sad,30.417503
323,C:\Users\nrahm\emotion-from-speech\data/raw/ravdess_audios/Actor_06/03-01-04-01-02-02-06.wav,female,sad,24.300098
324,C:\Users\nrahm\emotion-from-speech\data/raw/ravdess_audios/Actor_06/03-01-04-02-01-01-06.wav,female,sad,48.291374
325,C:\Users\nrahm\emotion-from-speech\data/raw/ravdess_audios/Actor_06/03-01-04-02-01-02-06.wav,female,sad,55.449608
326,C:\Users\nrahm\emotion-from-speech\data/raw/ravdess_audios/Actor_06/03-01-04-02-02-01-06.wav,female,sad,48.07631
327,C:\Users\nrahm\emotion-from-speech\data/raw/ravdess_audios/Actor_06/03-01-04-02-02-02-06.wav,female,sad,47.449192
328,C:\Users\nrahm\emotion-from-speech\data/raw/ravdess_audios/Actor_06/03-01-05-01-01-01-06.wav,female,angry,39.87882
329,C:\Users\nrahm\emotion-from-speech\data/raw/ravdess_audios/Actor_06/03-01-05-01-01-02-06.wav,female,angry,36.81521
330,C:\Users\nrahm\emotion-from-speech\data/raw/ravdess_audios/Actor_06/03-01-05-01-02-01-06.wav,female,angry,47.28727
331,C:\Users\nrahm\emotion-from-speech\data/raw/ravdess_audios/Actor_06/03-01-05-01-02-02-06.wav,female,angry,45.839924
332,C:\Users\nrahm\emotion-from-speech\data/raw/ravdess_audios/Actor_06/03-01-05-02-01-01-06.wav,female,angry,62.31022
333,C:\Users\nrahm\emotion-from-speech\data/raw/ravdess_audios/Actor_06/03-01-05-02-01-02-06.wav,female,angry,61.122124
334,C:\Users\nrahm\emotion-from-speech\data/raw/ravdess_audios/Actor_06/03-01-05-02-02-01-06.wav,female,angry,60.149765
335,C:\Users\nrahm\emotion-from-speech\data/raw/ravdess_audios/Actor_06/03-01-05-02-02-02-06.wav,female,angry,67.021454
380,C:\Users\nrahm\emotion-from-speech\data/raw/ravdess_audios/Actor_07/03-01-04-01-01-01-07.wav,male,sad,26.009268
381,C:\Users\nrahm\emotion-from-speech\data/raw/ravdess_audios/Actor_07/03-01-04-01-01-02-07.wav,male,sad,28.48812
382,C:\Users\nrahm\emotion-from-speech\data/raw/ravdess_audios/Actor_07/03-01-04-01-02-01-07.wav,male,sad,31.688435
383,C:\Users\nrahm\emotion-from-speech\data/raw/ravdess_audios/Actor_07/03-01-04-01-02-02-07.wav,male,sad,50.51941
384,C:\Users\nrahm\emotion-from-speech\data/raw/ravdess_audios/Actor_07/03-01-04-02-01-01-07.wav,male,sad,45.45376
385,C:\Users\nrahm\emotion-from-speech\data/raw/ravdess_audios/Actor_07/03-01-04-02-01-02-07.wav,male,sad,41.56655
386,C:\Users\nrahm\emotion-from-speech\data/raw/ravdess_audios/Actor_07/03-01-04-02-02-01-07.wav,male,sad,60.17134
387,C:\Users\nrahm\emotion-from-speech\data/raw/ravdess_audios/Actor_07/03-01-04-02-02-02-07.wav,male,sad,42.50564
388,C:\Users\nrahm\emotion-from-speech\data/raw/ravdess_audios/Actor_07/03-01-05-01-01-01-07.wav,male,angry,52.618618
389,C:\Users\nrahm\emotion-from-speech\data/raw/ravdess_audios/Actor_07/03-01-05-01-01-02-07.wav,male,angry,63.179077
390,C:\Users\nrahm\emotion-from-speech\data/raw/ravdess_audios/Actor_07/03-01-05-01-02-01-07.wav,male,angry,42.9943
391,C:\Users\nrahm\emotion-from-speech\data/raw/ravdess_audios/Actor_07/03-01-05-01-02-02-07.wav,male,angry,51.51638
392,C:\Users\nrahm\emotion-from-speech\data/raw/ravdess_audios/Actor_07/03-01-05-02-01-01-07.wav,male,angry,70.97044
393,C:\Users\nrahm\emotion-from-speech\data/raw/ravdess_audios/Actor_07/03-01-05-02-01-02-07.wav,male,angry,63.677692
394,C:\Users\nrahm\emotion-from-speech\data/raw/ravdess_audios/Actor_07/03-01-05-02-02-01-07.wav,male,angry,70.01938
395,C:\Users\nrahm\emotion-from-speech\data/raw/ravdess_audios/Actor_07/03-01-05-02-02-02-07.wav,male,angry,63.57998
440,C:\Users\nrahm\emotion-from-speech\data/raw/ravdess_audios/Actor_08/03-01-04-01-01-01-08.wav,female,sad,58.805058
441,C:\Users\nrahm\emotion-from-speech\data/raw/ravdess_audios/Actor_08/03-01-04-01-01-02-08.wav,female,sad,45.906033
442,C:\Users\nrahm\emotion-from-speech\data/raw/ravdess_audios/Actor_08/03-01-04-01-02-01-08.wav,female,sad,46.92226
443,C:\Users\nrahm\emotion-from-speech\data/raw/ravdess_audios/Actor_08/03-01-04-01-02-02-08.wav,female,sad,51.62286
444,C:\Users\nrahm\emotion-from-speech\data/raw/ravdess_audios/Actor_08/03-01-04-02-01-01-08.wav,female,sad,60.481377
445,C:\Users\nrahm\emotion-from-speech\data/raw/ravdess_audios/Actor_08/03-01-04-02-01-02-08.wav,female,sad,43.77435
446,C:\Users\nrahm\emotion-from-speech\data/raw/ravdess_audios/Actor_08/03-01-04-02-02-01-08.wav,female,sad,47.27832
447,C:\Users\nrahm\emotion-from-speech\data/raw/ravdess_audios/Actor_08/03-01-04-02-02-02-08.wav,female,sad,51.573666
448,C:\Users\nrahm\emotion-from-speech\data/raw/ravdess_audios/Actor_08/03-01-05-01-01-01-08.wav,female,angry,57.85329
449,C:\Users\nrahm\emotion-from-speech\data/raw/ravdess_audios/Actor_08/03-01-05-01-01-02-08.wav,female,angry,48.81685
450,C:\Users\nrahm\emotion-from-speech\data/raw/ravdess_audios/Actor_08/03-01-05-01-02-01-08.wav,female,angry,61.667538
451,C:\Users\nrahm\emotion-from-speech\data/raw/ravdess_audios/Actor_08/03-01-05-01-02-02-08.wav,female,angry,58.316578
452,C:\Users\nrahm\emotion-from-speech\data/raw/ravdess_audios/Actor_08/03-01-05-02-01-01-08.wav,female,angry,65.44585
453,C:\Users\nrahm\emotion-from-speech\data/raw/ravdess_audios/Actor_08/03-01-05-02-01-02-08.wav,female,angry,62.726036
454,C:\Users\nrahm\emotion-from-speech\data/raw/ravdess_audios/Actor_08/03-01-05-02-02-01-08.wav,female,angry,62.873627
455,C:\Users\nrahm\emotion-from-speech\data/raw/ravdess_audios/Actor_08/03-01-05-02-02-02-08.wav,female,angry,63.150764
500,C:\Users\nrahm\emotion-from-speech\data/raw/ravdess_audios/Actor_09/03-01-04-01-01-01-09.wav,male,sad,34.520954
501,C:\Users\nrahm\emotion-from-speech\data/raw/ravdess_audios/Actor_09/03-01-04-01-01-02-09.wav,male,sad,25.072702
502,C:\Users\nrahm\emotion-from-speech\data/raw/ravdess_audios/Actor_09/03-01-04-01-02-01-09.wav,male,sad,37.965904
503,C:\Users\nrahm\emotion-from-speech\data/raw/ravdess_audios/Actor_09/03-01-04-01-02-02-09.wav,male,sad,17.09019
504,C:\Users\nrahm\emotion-from-speech\data/raw/ravdess_audios/Actor_09/03-01-04-02-01-01-09.wav,male,sad,21.901627
505,C:\Users\nrahm\emotion-from-speech\data/raw/ravdess_audios/Actor_09/03-01-04-02-01-02-09.wav,male,sad,29.847391
506,C:\Users\nrahm\emotion-from-speech\data/raw/ravdess_audios/Actor_09/03-01-04-02-02-01-09.wav,male,sad,28.943655
507,C:\Users\nrahm\emotion-from-speech\data/raw/ravdess_audios/Actor_09/03-01-04-02-02-02-09.wav,male,sad,27.26375
508,C:\Users\nrahm\emotion-from-speech\data/raw/ravdess_audios/Actor_09/03-01-05-01-01-01-09.wav,male,angry,27.92915
509,C:\Users\nrahm\emotion-from-speech\data/raw/ravdess_audios/Actor_09/03-01-05-01-01-02-09.wav,male,angry,32.828556
510,C:\Users\nrahm\emotion-from-speech\data/raw/ravdess_audios/Actor_09/03-01-05-01-02-01-09.wav,male,angry,44.67027
511,C:\Users\nrahm\emotion-from-speech\data/raw/ravdess_audios/Actor_09/03-01-05-01-02-02-09.wav,male,angry,42.782402
512,C:\Users\nrahm\emotion-from-speech\data/raw/ravdess_audios/Actor_09/03-01-05-02-01-01-09.wav,male,angry,71.40228
513,C:\Users\nrahm\emotion-from-speech\data/raw/ravdess_audios/Actor_09/03-01-05-02-01-02-09.wav,male,angry,64.46474
514,C:\Users\nrahm\emotion-from-speech\data/raw/ravdess_audios/Actor_09/03-01-05-02-02-01-09.wav,male,angry,66.982315
515,C:\Users\nrahm\emotion-from-speech\data/raw/ravdess_audios/Actor_09/03-01-05-02-02-02-09.wav,male,angry,66.41167
560,C:\Users\nrahm\emotion-from-speech\data/raw/ravdess_audios/Actor_10/03-01-04-01-01-01-10.wav,female,sad,52.82718
561,C:\Users\nrahm\emotion-from-speech\data/raw/ravdess_audios/Actor_10/03-01-04-01-01-02-10.wav,female,sad,56.0123
562,C:\Users\nrahm\emotion-from-speech\data/raw/ravdess_audios/Actor_10/03-01-04-01-02-01-10.wav,female,sad,57.968334
563,C:\Users\nrahm\emotion-from-speech\data/raw/ravdess_audios/Actor_10/03-01-04-01-02-02-10.wav,female,sad,51.207767
564,C:\Users\nrahm\emotion-from-speech\data/raw/ravdess_audios/Actor_10/03-01-04-02-01-01-10.wav,female,sad,53.18896
565,C:\Users\nrahm\emotion-from-speech\data/raw/ravdess_audios/Actor_10/03-01-04-02-01-02-10.wav,female,sad,50.461136
566,C:\Users\nrahm\emotion-from-speech\data/raw/ravdess_audios/Actor_10/03-01-04-02-02-01-10.wav,female,sad,51.17224
567,C:\Users\nrahm\emotion-from-speech\data/raw/ravdess_audios/Actor_10/03-01-04-02-02-02-10.wav,female,sad,49.124657
568,C:\Users\nrahm\emotion-from-speech\data/raw/ravdess_audios/Actor_10/03-01-05-01-01-01-10.wav,female,angry,54.207394
569,C:\Users\nrahm\emotion-from-speech\data/raw/ravdess_audios/Actor_10/03-01-05-01-01-02-10.wav,female,angry,53.721134
570,C:\Users\nrahm\emotion-from-speech\data/raw/ravdess_audios/Actor_10/03-01-05-01-02-01-10.wav,female,angry,51.865623
571,C:\Users\nrahm\emotion-from-speech\data/raw/ravdess_audios/Actor_10/03-01-05-01-02-02-10.wav,female,angry,60.150776
572,C:\Users\nrahm\emotion-from-speech\data/raw/ravdess_audios/Actor_10/03-01-05-02-01-01-10.wav,female,angry,65.26693
573,C:\Users\nrahm\emotion-from-speech\data/raw/ravdess_audios/Actor_10/03-01-05-02-01-02-10.wav,female,angry,64.674515
574,C:\Users\nrahm\emotion-from-speech\data/raw/ravdess_audios/Actor_10/03-01-05-02-02-01-10.wav,female,angry,62.104046
575,C:\Users\nrahm\emotion-from-speech\data/raw/ravdess_audios/Actor_10/03-01-05-02-02-02-10.wav,female,angry,62.306408
620,C:\Users\nrahm\emotion-from-speech\data/raw/ravdess_audios/Actor_11/03-01-04-01-01-01-11.wav,male,sad,55.30026
621,C:\Users\nrahm\emotion-from-speech\data/raw/ravdess_audios/Actor_11/03-01-04-01-01-02-11.wav,male,sad,47.62639
622,C:\Users\nrahm\emotion-from-speech\data/raw/ravdess_audios/Actor_11/03-01-04-01-02-01-11.wav,male,sad,32.68088
623,C:\Users\nrahm\emotion-from-speech\data/raw/ravdess_audios/Actor_11/03-01-04-01-02-02-11.wav,male,sad,54.164215
624,C:\Users\nrahm\emotion-from-speech\data/raw/ravdess_audios/Actor_11/03-01-04-02-01-01-11.wav,male,sad,55.691498
625,C:\Users\nrahm\emotion-from-speech\data/raw/ravdess_audios/Actor_11/03-01-04-02-01-02-11.wav,male,sad,46.562565
626,C:\Users\nrahm\emotion-from-speech\data/raw/ravdess_audios/Actor_11/03-01-04-02-02-01-11.wav,male,sad,48.007923
627,C:\Users\nrahm\emotion-from-speech\data/raw/ravdess_audios/Actor_11/03-01-04-02-02-02-11.wav,male,sad,54.88713
628,C:\Users\nrahm\emotion-from-speech\data/raw/ravdess_audios/Actor_11/03-01-05-01-01-01-11.wav,male,angry,57.778145
629,C:\Users\nrahm\emotion-from-speech\data/raw/ravdess_audios/Actor_11/03-01-05-01-01-02-11.wav,male,angry,59.48008
630,C:\Users\nrahm\emotion-from-speech\data/raw/ravdess_audios/Actor_11/03-01-05-01-02-01-11.wav,male,angry,63.11489
631,C:\Users\nrahm\emotion-from-speech\data/raw/ravdess_audios/Actor_11/03-01-05-01-02-02-11.wav,male,angry,64.18043
632,C:\Users\nrahm\emotion-from-speech\data/raw/ravdess_audios/Actor_11/03-01-05-02-01-01-11.wav,male,angry,60.18936
633,C:\Users\nrahm\emotion-from-speech\data/raw/ravdess_audios/Actor_11/03-01-05-02-01-02-11.wav,male,angry,65.26404
634,C:\Users\nrahm\emotion-from-speech\data/raw/ravdess_audios/Actor_11/03-01-05-02-02-01-11.wav,male,angry,64.63354
635,C:\Users\nrahm\emotion-from-speech\data/raw/ravdess_audios/Actor_11/03-01-05-02-02-02-11.wav,male,angry,68.85332
680,C:\Users\nrahm\emotion-from-speech\data/raw/ravdess_audios/Actor_12/03-01-04-01-01-01-12.wav,female,sad,38.172794
681,C:\Users\nrahm\emotion-from-speech\data/raw/ravdess_audios/Actor_12/03-01-04-01-01-02-12.wav,female,sad,38.203533
682,C:\Users\nrahm\emotion-from-speech\data/raw/ravdess_audios/Actor_12/03-01-04-01-02-01-12.wav,female,sad,41.60497
683,C:\Users\nrahm\emotion-from-speech\data/raw/ravdess_audios/Actor_12/03-01-04-01-02-02-12.wav,female,sad,46.335407
684,C:\Users\nrahm\emotion-from-speech\data/raw/ravdess_audios/Actor_12/03-01-04-02-01-01-12.wav,female,sad,68.19937
685,C:\Users\nrahm\emotion-from-speech\data/raw/ravdess_audios/Actor_12/03-01-04-02-01-02-12.wav,female,sad,50.75574
686,C:\Users\nrahm\emotion-from-speech\data/raw/ravdess_audios/Actor_12/03-01-04-02-02-01-12.wav,female,sad,50.394836
687,C:\Users\nrahm\emotion-from-speech\data/raw/ravdess_audios/Actor_12/03-01-04-02-02-02-12.wav,female,sad,52.340874
688,C:\Users\nrahm\emotion-from-speech\data/raw/ravdess_audios/Actor_12/03-01-05-01-01-01-12.wav,female,angry,44.397793
689,C:\Users\nrahm\emotion-from-speech\data/raw/ravdess_audios/Actor_12/03-01-05-01-01-02-12.wav,female,angry,43.273598
690,C:\Users\nrahm\emotion-from-speech\data/raw/ravdess_audios/Actor_12/03-01-05-01-02-01-12.wav,female,angry,40.177147
691,C:\Users\nrahm\emotion-from-speech\data/raw/ravdess_audios/Actor_12/03-01-05-01-02-02-12.wav,female,angry,43.320084
692,C:\Users\nrahm\emotion-from-speech\data/raw/ravdess_audios/Actor_12/03-01-05-02-01-01-12.wav,female,angry,57.83237
693,C:\Users\nrahm\emotion-from-speech\data/raw/ravdess_audios/Actor_12/03-01-05-02-01-02-12.wav,female,angry,64.05624
694,C:\Users\nrahm\emotion-from-speech\data/raw/ravdess_audios/Actor_12/03-01-05-02-02-01-12.wav,female,angry,55.04613
695,C:\Users\nrahm\emotion-from-speech\data/raw/ravdess_audios/Actor_12/03-01-05-02-02-02-12.wav,female,angry,57.94487
740,C:\Users\nrahm\emotion-from-speech\data/raw/ravdess_audios/Actor_13/03-01-04-01-01-01-13.wav,male,sad,40.25005
741,C:\Users\nrahm\emotion-from-speech\data/raw/ravdess_audios/Actor_13/03-01-04-01-01-02-13.wav,male,sad,27.29002
742,C:\Users\nrahm\emotion-from-speech\data/raw/ravdess_audios/Actor_13/03-01-04-01-02-01-13.wav,male,sad,49.574295
743,C:\Users\nrahm\emotion-from-speech\data/raw/ravdess_audios/Actor_13/03-01-04-01-02-02-13.wav,male,sad,36.965694
744,C:\Users\nrahm\emotion-from-speech\data/raw/ravdess_audios/Actor_13/03-01-04-02-01-01-13.wav,male,sad,49.472755
745,C:\Users\nrahm\emotion-from-speech\data/raw/ravdess_audios/Actor_13/03-01-04-02-01-02-13.wav,male,sad,37.68988
746,C:\Users\nrahm\emotion-from-speech\data/raw/ravdess_audios/Actor_13/03-01-04-02-02-01-13.wav,male,sad,40.36651
747,C:\Users\nrahm\emotion-from-speech\data/raw/ravdess_audios/Actor_13/03-01-04-02-02-02-13.wav,male,sad,35.650864
748,C:\Users\nrahm\emotion-from-speech\data/raw/ravdess_audios/Actor_13/03-01-05-01-01-01-13.wav,male,angry,45.05582
749,C:\Users\nrahm\emotion-from-speech\data/raw/ravdess_audios/Actor_13/03-01-05-01-01-02-13.wav,male,angry,49.122578
750,C:\Users\nrahm\emotion-from-speech\data/raw/ravdess_audios/Actor_13/03-01-05-01-02-01-13.wav,male,angry,48.72739
751,C:\Users\nrahm\emotion-from-speech\data/raw/ravdess_audios/Actor_13/03-01-05-01-02-02-13.wav,male,angry,51.543736
752,C:\Users\nrahm\emotion-from-speech\data/raw/ravdess_audios/Actor_13/03-01-05-02-01-01-13.wav,male,angry,65.962494
753,C:\Users\nrahm\emotion-from-speech\data/raw/ravdess_audios/Actor_13/03-01-05-02-01-02-13.wav,male,angry,59.435608
754,C:\Users\nrahm\emotion-from-speech\data/raw/ravdess_audios/Actor_13/03-01-05-02-02-01-13.wav,male,angry,63.994743
755,C:\Users\nrahm\emotion-from-speech\data/raw/ravdess_audios/Actor_13/03-01-05-02-02-02-13.wav,male,angry,67.46768
800,C:\Users\nrahm\emotion-from-speech\data/raw/ravdess_audios/Actor_14/03-01-04-01-01-01-14.wav,female,sad,29.29954
801,C:\Users\nrahm\emotion-from-speech\data/raw/ravdess_audios/Actor_14/03-01-04-01-01-02-14.wav,female,sad,34.7817
802,C:\Users\nrahm\emotion-from-speech\data/raw/ravdess_audios/Actor_14/03-01-04-01-02-01-14.wav,female,sad,32.75846
803,C:\Users\nrahm\emotion-from-speech\data/raw/ravdess_audios/Actor_14/03-01-04-01-02-02-14.wav,female,sad,33.436962
804,C:\Users\nrahm\emotion-from-speech\data/raw/ravdess_audios/Actor_14/03-01-04-02-01-01-14.wav,female,sad,41.97541
805,C:\Users\nrahm\emotion-from-speech\data/raw/ravdess_audios/Actor_14/03-01-04-02-01-02-14.wav,female,sad,36.49739
806,C:\Users\nrahm\emotion-from-speech\data/raw/ravdess_audios/Actor_14/03-01-04-02-02-01-14.wav,female,sad,42.82612
807,C:\Users\nrahm\emotion-from-speech\data/raw/ravdess_audios/Actor_14/03-01-04-02-02-02-14.wav,female,sad,43.98848
808,C:\Users\nrahm\emotion-from-speech\data/raw/ravdess_audios/Actor_14/03-01-05-01-01-01-14.wav,female,angry,45.217606
809,C:\Users\nrahm\emotion-from-speech\data/raw/ravdess_audios/Actor_14/03-01-05-01-01-02-14.wav,female,angry,48.524635
810,C:\Users\nrahm\emotion-from-speech\data/raw/ravdess_audios/Actor_14/03-01-05-01-02-01-14.wav,female,angry,49.073284
811,C:\Users\nrahm\emotion-from-speech\data/raw/ravdess_audios/Actor_14/03-01-05-01-02-02-14.wav,female,angry,48.52074
812,C:\Users\nrahm\emotion-from-speech\data/raw/ravdess_audios/Actor_14/03-01-05-02-01-01-14.wav,female,angry,63.02366
813,C:\Users\nrahm\emotion-from-speech\data/raw/ravdess_audios/Actor_14/03-01-05-02-01-02-14.wav,female,angry,59.843445
814,C:\Users\nrahm\emotion-from-speech\data/raw/ravdess_audios/Actor_14/03-01-05-02-02-01-14.wav,female,angry,63.02216
815,C:\Users\nrahm\emotion-from-speech\data/raw/ravdess_audios/Actor_14/03-01-05-02-02-02-14.wav,female,angry,59.853405
860,C:\Users\nrahm\emotion-from-speech\data/raw/ravdess_audios/Actor_15/03-01-04-01-01-01-15.wav,male,sad,47.957
861,C:\Users\nrahm\emotion-from-speech\data/raw/ravdess_audios/Actor_15/03-01-04-01-01-02-15.wav,male,sad,64.72749
862,C:\Users\nrahm\emotion-from-speech\data/raw/ravdess_audios/Actor_15/03-01-04-01-02-01-15.wav,male,sad,52.957314
863,C:\Users\nrahm\emotion-from-speech\data/raw/ravdess_audios/Actor_15/03-01-04-01-02-02-15.wav,male,sad,59.948128
864,C:\Users\nrahm\emotion-from-speech\data/raw/ravdess_audios/Actor_15/03-01-04-02-01-01-15.wav,male,sad,46.10496
865,C:\Users\nrahm\emotion-from-speech\data/raw/ravdess_audios/Actor_15/03-01-04-02-01-02-15.wav,male,sad,48.494446
866,C:\Users\nrahm\emotion-from-speech\data/raw/ravdess_audios/Actor_15/03-01-04-02-02-01-15.wav,male,sad,55.60187
867,C:\Users\nrahm\emotion-from-speech\data/raw/ravdess_audios/Actor_15/03-01-04-02-02-02-15.wav,male,sad,49.97784
868,C:\Users\nrahm\emotion-from-speech\data/raw/ravdess_audios/Actor_15/03-01-05-01-01-01-15.wav,male,angry,54.23786
869,C:\Users\nrahm\emotion-from-speech\data/raw/ravdess_audios/Actor_15/03-01-05-01-01-02-15.wav,male,angry,53.892426
870,C:\Users\nrahm\emotion-from-speech\data/raw/ravdess_audios/Actor_15/03-01-05-01-02-01-15.wav,male,angry,51.22675
871,C:\Users\nrahm\emotion-from-speech\data/raw/ravdess_audios/Actor_15/03-01-05-01-02-02-15.wav,male,angry,56.652077
872,C:\Users\nrahm\emotion-from-speech\data/raw/ravdess_audios/Actor_15/03-01-05-02-01-01-15.wav,male,angry,59.06465
873,C:\Users\nrahm\emotion-from-speech\data/raw/ravdess_audios/Actor_15/03-01-05-02-01-02-15.wav,male,angry,58.62076
874,C:\Users\nrahm\emotion-from-speech\data/raw/ravdess_audios/Actor_15/03-01-05-02-02-01-15.wav,male,angry,55.172085
875,C:\Users\nrahm\emotion-from-speech\data/raw/ravdess_audios/Actor_15/03-01-05-02-02-02-15.wav,male,angry,62.007
920,C:\Users\nrahm\emotion-from-speech\data/raw/ravdess_audios/Actor_16/03-01-04-01-01-01-16.wav,female,sad,38.381195
921,C:\Users\nrahm\emotion-from-speech\data/raw/ravdess_audios/Actor_16/03-01-04-01-01-02-16.wav,female,sad,34.711113
922,C:\Users\nrahm\emotion-from-speech\data/raw/ravdess_audios/Actor_16/03-01-04-01-02-01-16.wav,female,sad,37.347275
923,C:\Users\nrahm\emotion-from-speech\data/raw/ravdess_audios/Actor_16/03-01-04-01-02-02-16.wav,female,sad,36.12031
924,C:\Users\nrahm\emotion-from-speech\data/raw/ravdess_audios/Actor_16/03-01-04-02-01-01-16.wav,female,sad,38.962566
925,C:\Users\nrahm\emotion-from-speech\data/raw/ravdess_audios/Actor_16/03-01-04-02-01-02-16.wav,female,sad,37.163166
926,C:\Users\nrahm\emotion-from-speech\data/raw/ravdess_audios/Actor_16/03-01-04-02-02-01-16.wav,female,sad,46.27687
927,C:\Users\nrahm\emotion-from-speech\data/raw/ravdess_audios/Actor_16/03-01-04-02-02-02-16.wav,female,sad,39.132065
928,C:\Users\nrahm\emotion-from-speech\data/raw/ravdess_audios/Actor_16/03-01-05-01-01-01-16.wav,female,angry,53.013355
929,C:\Users\nrahm\emotion-from-speech\data/raw/ravdess_audios/Actor_16/03-01-05-01-01-02-16.wav,female,angry,55.446896
930,C:\Users\nrahm\emotion-from-speech\data/raw/ravdess_audios/Actor_16/03-01-05-01-02-01-16.wav,female,angry,51.650326
931,C:\Users\nrahm\emotion-from-speech\data/raw/ravdess_audios/Actor_16/03-01-05-01-02-02-16.wav,female,angry,54.103695
932,C:\Users\nrahm\emotion-from-speech\data/raw/ravdess_audios/Actor_16/03-01-05-02-01-01-16.wav,female,angry,59.243385
933,C:\Users\nrahm\emotion-from-speech\data/raw/ravdess_audios/Actor_16/03-01-05-02-01-02-16.wav,female,angry,60.896244
934,C:\Users\nrahm\emotion-from-speech\data/raw/ravdess_audios/Actor_16/03-01-05-02-02-01-16.wav,female,angry,61.984234
935,C:\Users\nrahm\emotion-from-speech\data/raw/ravdess_audios/Actor_16/03-01-05-02-02-02-16.wav,female,angry,58.98382
980,C:\Users\nrahm\emotion-from-speech\data/raw/ravdess_audios/Actor_17/03-01-04-01-01-01-17.wav,male,sad,48.350227
981,C:\Users\nrahm\emotion-from-speech\data/raw/ravdess_audios/Actor_17/03-01-04-01-01-02-17.wav,male,sad,61.34627
982,C:\Users\nrahm\emotion-from-speech\data/raw/ravdess_audios/Actor_17/03-01-04-01-02-01-17.wav,male,sad,57.43209
983,C:\Users\nrahm\emotion-from-speech\data/raw/ravdess_audios/Actor_17/03-01-04-01-02-02-17.wav,male,sad,42.545757
984,C:\Users\nrahm\emotion-from-speech\data/raw/ravdess_audios/Actor_17/03-01-04-02-01-01-17.wav,male,sad,53.155163
985,C:\Users\nrahm\emotion-from-speech\data/raw/ravdess_audios/Actor_17/03-01-04-02-01-02-17.wav,male,sad,55.889137
986,C:\Users\nrahm\emotion-from-speech\data/raw/ravdess_audios/Actor_17/03-01-04-02-02-01-17.wav,male,sad,54.523632
987,C:\Users\nrahm\emotion-from-speech\data/raw/ravdess_audios/Actor_17/03-01-04-02-02-02-17.wav,male,sad,63.72566
988,C:\Users\nrahm\emotion-from-speech\data/raw/ravdess_audios/Actor_17/03-01-05-01-01-01-17.wav,male,angry,49.48065
989,C:\Users\nrahm\emotion-from-speech\data/raw/ravdess_audios/Actor_17/03-01-05-01-01-02-17.wav,male,angry,51.18098
990,C:\Users\nrahm\emotion-from-speech\data/raw/ravdess_audios/Actor_17/03-01-05-01-02-01-17.wav,male,angry,53.160427
991,C:\Users\nrahm\emotion-from-speech\data/raw/ravdess_audios/Actor_17/03-01-05-01-02-02-17.wav,male,angry,58.667408
992,C:\Users\nrahm\emotion-from-speech\data/raw/ravdess_audios/Actor_17/03-01-05-02-01-01-17.wav,male,angry,65.51243
993,C:\Users\nrahm\emotion-from-speech\data/raw/ravdess_audios/Actor_17/03-01-05-02-01-02-17.wav,male,angry,64.98483
994,C:\Users\nrahm\emotion-from-speech\data/raw/ravdess_audios/Actor_17/03-01-05-02-02-01-17.wav,male,angry,68.63149
995,C:\Users\nrahm\emotion-from-speech\data/raw/ravdess_audios/Actor_17/03-01-05-02-02-02-17.wav,male,angry,66.07605
1040,C:\Users\nrahm\emotion-from-speech\data/raw/ravdess_audios/Actor_18/03-01-04-01-01-01-18.wav,female,sad,38.94613
1041,C:\Users\nrahm\emotion-from-speech\data/raw/ravdess_audios/Actor_18/03-01-04-01-01-02-18.wav,female,sad,37.789375
1042,C:\Users\nrahm\emotion-from-speech\data/raw/ravdess_audios/Actor_18/03-01-04-01-02-01-18.wav,female,sad,35.59162
1043,C:\Users\nrahm\emotion-from-speech\data/raw/ravdess_audios/Actor_18/03-01-04-01-02-02-18.wav,female,sad,37.469433
1044,C:\Users\nrahm\emotion-from-speech\data/raw/ravdess_audios/Actor_18/03-01-04-02-01-01-18.wav,female,sad,48.786976
1045,C:\Users\nrahm\emotion-from-speech\data/raw/ravdess_audios/Actor_18/03-01-04-02-01-02-18.wav,female,sad,50.741867
1046,C:\Users\nrahm\emotion-from-speech\data/raw/ravdess_audios/Actor_18/03-01-04-02-02-01-18.wav,female,sad,49.81344
1047,C:\Users\nrahm\emotion-from-speech\data/raw/ravdess_audios/Actor_18/03-01-04-02-02-02-18.wav,female,sad,50.245266
1048,C:\Users\nrahm\emotion-from-speech\data/raw/ravdess_audios/Actor_18/03-01-05-01-01-01-18.wav,female,angry,49.23158
1049,C:\Users\nrahm\emotion-from-speech\data/raw/ravdess_audios/Actor_18/03-01-05-01-01-02-18.wav,female,angry,43.738194
1050,C:\Users\nrahm\emotion-from-speech\data/raw/ravdess_audios/Actor_18/03-01-05-01-02-01-18.wav,female,angry,50.64693
1051,C:\Users\nrahm\emotion-from-speech\data/raw/ravdess_audios/Actor_18/03-01-05-01-02-02-18.wav,female,angry,46.942448
1052,C:\Users\nrahm\emotion-from-speech\data/raw/ravdess_audios/Actor_18/03-01-05-02-01-01-18.wav,female,angry,64.31908
1053,C:\Users\nrahm\emotion-from-speech\data/raw/ravdess_audios/Actor_18/03-01-05-02-01-02-18.wav,female,angry,65.21414
1054,C:\Users\nrahm\emotion-from-speech\data/raw/ravdess_audios/Actor_18/03-01-05-02-02-01-18.wav,female,angry,64.67147
1055,C:\Users\nrahm\emotion-from-speech\data/raw/ravdess_audios/Actor_18/03-01-05-02-02-02-18.wav,female,angry,64.06041
1100,C:\Users\nrahm\emotion-from-speech\data/raw/ravdess_audios/Actor_19/03-01-04-01-01-01-19.wav,male,sad,46.27625
1101,C:\Users\nrahm\emotion-from-speech\data/raw/ravdess_audios/Actor_19/03-01-04-01-01-02-19.wav,male,sad,48.50637
1102,C:\Users\nrahm\emotion-from-speech\data/raw/ravdess_audios/Actor_19/03-01-04-01-02-01-19.wav,male,sad,53.379906
1103,C:\Users\nrahm\emotion-from-speech\data/raw/ravdess_audios/Actor_19/03-01-04-01-02-02-19.wav,male,sad,37.28784
1104,C:\Users\nrahm\emotion-from-speech\data/raw/ravdess_audios/Actor_19/03-01-04-02-01-01-19.wav,male,sad,49.5033
1105,C:\Users\nrahm\emotion-from-speech\data/raw/ravdess_audios/Actor_19/03-01-04-02-01-02-19.wav,male,sad,74.53599
1106,C:\Users\nrahm\emotion-from-speech\data/raw/ravdess_audios/Actor_19/03-01-04-02-02-01-19.wav,male,sad,45.258442
1107,C:\Users\nrahm\emotion-from-speech\data/raw/ravdess_audios/Actor_19/03-01-04-02-02-02-19.wav,male,sad,46.85814
1108,C:\Users\nrahm\emotion-from-speech\data/raw/ravdess_audios/Actor_19/03-01-05-01-01-01-19.wav,male,angry,51.79114
1109,C:\Users\nrahm\emotion-from-speech\data/raw/ravdess_audios/Actor_19/03-01-05-01-01-02-19.wav,male,angry,58.662663
1110,C:\Users\nrahm\emotion-from-speech\data/raw/ravdess_audios/Actor_19/03-01-05-01-02-01-19.wav,male,angry,45.827484
1111,C:\Users\nrahm\emotion-from-speech\data/raw/ravdess_audios/Actor_19/03-01-05-01-02-02-19.wav,male,angry,80.39961
1112,C:\Users\nrahm\emotion-from-speech\data/raw/ravdess_audios/Actor_19/03-01-05-02-01-01-19.wav,male,angry,64.26768
1113,C:\Users\nrahm\emotion-from-speech\data/raw/ravdess_audios/Actor_19/03-01-05-02-01-02-19.wav,male,angry,66.33993
1114,C:\Users\nrahm\emotion-from-speech\data/raw/ravdess_audios/Actor_19/03-01-05-02-02-01-19.wav,male,angry,68.70195
1115,C:\Users\nrahm\emotion-from-speech\data/raw/ravdess_audios/Actor_19/03-01-05-02-02-02-19.wav,male,angry,61.957176
1160,C:\Users\nrahm\emotion-from-speech\data/raw/ravdess_audios/Actor_20/03-01-04-01-01-01-20.wav,female,sad,25.552362
1161,C:\Users\nrahm\emotion-from-speech\data/raw/ravdess_audios/Actor_20/03-01-04-01-01-02-20.wav,female,sad,19.851221
1162,C:\Users\nrahm\emotion-from-speech\data/raw/ravdess_audios/Actor_20/03-01-04-01-02-01-20.wav,female,sad,23.554722
1163,C:\Users\nrahm\emotion-from-speech\data/raw/ravdess_audios/Actor_20/03-01-04-01-02-02-20.wav,female,sad,21.44572
1164,C:\Users\nrahm\emotion-from-speech\data/raw/ravdess_audios/Actor_20/03-01-04-02-01-01-20.wav,female,sad,35.1201
1165,C:\Users\nrahm\emotion-from-speech\data/raw/ravdess_audios/Actor_20/03-01-04-02-01-02-20.wav,female,sad,50.989384
1166,C:\Users\nrahm\emotion-from-speech\data/raw/ravdess_audios/Actor_20/03-01-04-02-02-01-20.wav,female,sad,32.80234
1167,C:\Users\nrahm\emotion-from-speech\data/raw/ravdess_audios/Actor_20/03-01-04-02-02-02-20.wav,female,sad,48.565205
1168,C:\Users\nrahm\emotion-from-speech\data/raw/ravdess_audios/Actor_20/03-01-05-01-01-01-20.wav,female,angry,34.99178
1169,C:\Users\nrahm\emotion-from-speech\data/raw/ravdess_audios/Actor_20/03-01-05-01-01-02-20.wav,female,angry,48.277267
1170,C:\Users\nrahm\emotion-from-speech\data/raw/ravdess_audios/Actor_20/03-01-05-01-02-01-20.wav,female,angry,39.648426
1171,C:\Users\nrahm\emotion-from-speech\data/raw/ravdess_audios/Actor_20/03-01-05-01-02-02-20.wav,female,angry,47.921825
1172,C:\Users\nrahm\emotion-from-speech\data/raw/ravdess_audios/Actor_20/03-01-05-02-01-01-20.wav,female,angry,52.765423
1173,C:\Users\nrahm\emotion-from-speech\data/raw/ravdess_audios/Actor_20/03-01-05-02-01-02-20.wav,female,angry,61.89069
1174,C:\Users\nrahm\emotion-from-speech\data/raw/ravdess_audios/Actor_20/03-01-05-02-02-01-20.wav,female,angry,65.682014
1175,C:\Users\nrahm\emotion-from-speech\data/raw/ravdess_audios/Actor_20/03-01-05-02-02-02-20.wav,female,angry,56.293728
1220,C:\Users\nrahm\emotion-from-speech\data/raw/ravdess_audios/Actor_21/03-01-04-01-01-01-21.wav,male,sad,38.68479
1221,C:\Users\nrahm\emotion-from-speech\data/raw/ravdess_audios/Actor_21/03-01-04-01-01-02-21.wav,male,sad,43.11846
1222,C:\Users\nrahm\emotion-from-speech\data/raw/ravdess_audios/Actor_21/03-01-04-01-02-01-21.wav,male,sad,40.298676
1223,C:\Users\nrahm\emotion-from-speech\data/raw/ravdess_audios/Actor_21/03-01-04-01-02-02-21.wav,male,sad,44.606388
1224,C:\Users\nrahm\emotion-from-speech\data/raw/ravdess_audios/Actor_21/03-01-04-02-01-01-21.wav,male,sad,52.608982
1225,C:\Users\nrahm\emotion-from-speech\data/raw/ravdess_audios/Actor_21/03-01-04-02-01-02-21.wav,male,sad,51.003296
1226,C:\Users\nrahm\emotion-from-speech\data/raw/ravdess_audios/Actor_21/03-01-04-02-02-01-21.wav,male,sad,50.25141
1227,C:\Users\nrahm\emotion-from-speech\data/raw/ravdess_audios/Actor_21/03-01-04-02-02-02-21.wav,male,sad,47.706497
1228,C:\Users\nrahm\emotion-from-speech\data/raw/ravdess_audios/Actor_21/03-01-05-01-01-01-21.wav,male,angry,56.6412
1229,C:\Users\nrahm\emotion-from-speech\data/raw/ravdess_audios/Actor_21/03-01-05-01-01-02-21.wav,male,angry,57.797047
1230,C:\Users\nrahm\emotion-from-speech\data/raw/ravdess_audios/Actor_21/03-01-05-01-02-01-21.wav,male,angry,61.17659
1231,C:\Users\nrahm\emotion-from-speech\data/raw/ravdess_audios/Actor_21/03-01-05-01-02-02-21.wav,male,angry,59.256138
1232,C:\Users\nrahm\emotion-from-speech\data/raw/ravdess_audios/Actor_21/03-01-05-02-01-01-21.wav,male,angry,64.72618
1233,C:\Users\nrahm\emotion-from-speech\data/raw/ravdess_audios/Actor_21/03-01-05-02-01-02-21.wav,male,angry,61.87184
1234,C:\Users\nrahm\emotion-from-speech\data/raw/ravdess_audios/Actor_21/03-01-05-02-02-01-21.wav,male,angry,62.02858
1235,C:\Users\nrahm\emotion-from-speech\data/raw/ravdess_audios/Actor_21/03-01-05-02-02-02-21.wav,male,angry,63.898922
1280,C:\Users\nrahm\emotion-from-speech\data/raw/ravdess_audios/Actor_22/03-01-04-01-01-01-22.wav,female,sad,35.4454
1281,C:\Users\nrahm\emotion-from-speech\data/raw/ravdess_audios/Actor_22/03-01-04-01-01-02-22.wav,female,sad,37.485523
1282,C:\Users\nrahm\emotion-from-speech\data/raw/ravdess_audios/Actor_22/03-01-04-01-02-01-22.wav,female,sad,40.881973
1283,C:\Users\nrahm\emotion-from-speech\data/raw/ravdess_audios/Actor_22/03-01-04-01-02-02-22.wav,female,sad,37.20203
1284,C:\Users\nrahm\emotion-from-speech\data/raw/ravdess_audios/Actor_22/03-01-04-02-01-01-22.wav,female,sad,39.755188
1285,C:\Users\nrahm\emotion-from-speech\data/raw/ravdess_audios/Actor_22/03-01-04-02-01-02-22.wav,female,sad,40.154606
1286,C:\Users\nrahm\emotion-from-speech\data/raw/ravdess_audios/Actor_22/03-01-04-02-02-01-22.wav,female,sad,39.831005
1287,C:\Users\nrahm\emotion-from-speech\data/raw/ravdess_audios/Actor_22/03-01-04-02-02-02-22.wav,female,sad,43.898426
1288,C:\Users\nrahm\emotion-from-speech\data/raw/ravdess_audios/Actor_22/03-01-05-01-01-01-22.wav,female,angry,43.910393
1289,C:\Users\nrahm\emotion-from-speech\data/raw/ravdess_audios/Actor_22/03-01-05-01-01-02-22.wav,female,angry,41.92669
1290,C:\Users\nrahm\emotion-from-speech\data/raw/ravdess_audios/Actor_22/03-01-05-01-02-01-22.wav,female,angry,44.089863
1291,C:\Users\nrahm\emotion-from-speech\data/raw/ravdess_audios/Actor_22/03-01-05-01-02-02-22.wav,female,angry,45.368397
1292,C:\Users\nrahm\emotion-from-speech\data/raw/ravdess_audios/Actor_22/03-01-05-02-01-01-22.wav,female,angry,53.672523
1293,C:\Users\nrahm\emotion-from-speech\data/raw/ravdess_audios/Actor_22/03-01-05-02-01-02-22.wav,female,angry,53.430008
1294,C:\Users\nrahm\emotion-from-speech\data/raw/ravdess_audios/Actor_22/03-01-05-02-02-01-22.wav,female,angry,58.189224
1295,C:\Users\nrahm\emotion-from-speech\data/raw/ravdess_audios/Actor_22/03-01-05-02-02-02-22.wav,female,angry,56.883663
1340,C:\Users\nrahm\emotion-from-speech\data/raw/ravdess_audios/Actor_23/03-01-04-01-01-01-23.wav,male,sad,35.92108
1341,C:\Users\nrahm\emotion-from-speech\data/raw/ravdess_audios/Actor_23/03-01-04-01-01-02-23.wav,male,sad,36.93583
1342,C:\Users\nrahm\emotion-from-speech\data/raw/ravdess_audios/Actor_23/03-01-04-01-02-01-23.wav,male,sad,41.08446
1343,C:\Users\nrahm\emotion-from-speech\data/raw/ravdess_audios/Actor_23/03-01-04-01-02-02-23.wav,male,sad,40.105774
1344,C:\Users\nrahm\emotion-from-speech\data/raw/ravdess_audios/Actor_23/03-01-04-02-01-01-23.wav,male,sad,41.73542
1345,C:\Users\nrahm\emotion-from-speech\data/raw/ravdess_audios/Actor_23/03-01-04-02-01-02-23.wav,male,sad,40.84054
1346,C:\Users\nrahm\emotion-from-speech\data/raw/ravdess_audios/Actor_23/03-01-04-02-02-01-23.wav,male,sad,40.18304
1347,C:\Users\nrahm\emotion-from-speech\data/raw/ravdess_audios/Actor_23/03-01-04-02-02-02-23.wav,male,sad,40.467472
1348,C:\Users\nrahm\emotion-from-speech\data/raw/ravdess_audios/Actor_23/03-01-05-01-01-01-23.wav,male,angry,54.61441
1349,C:\Users\nrahm\emotion-from-speech\data/raw/ravdess_audios/Actor_23/03-01-05-01-01-02-23.wav,male,angry,54.742874
1350,C:\Users\nrahm\emotion-from-speech\data/raw/ravdess_audios/Actor_23/03-01-05-01-02-01-23.wav,male,angry,54.26298
1351,C:\Users\nrahm\emotion-from-speech\data/raw/ravdess_audios/Actor_23/03-01-05-01-02-02-23.wav,male,angry,54.62852
1352,C:\Users\nrahm\emotion-from-speech\data/raw/ravdess_audios/Actor_23/03-01-05-02-01-01-23.wav,male,angry,62.72626
1353,C:\Users\nrahm\emotion-from-speech\data/raw/ravdess_audios/Actor_23/03-01-05-02-01-02-23.wav,male,angry,62.842674
1354,C:\Users\nrahm\emotion-from-speech\data/raw/ravdess_audios/Actor_23/03-01-05-02-02-01-23.wav,male,angry,65.12017
1355,C:\Users\nrahm\emotion-from-speech\data/raw/ravdess_audios/Actor_23/03-01-05-02-02-02-23.wav,male,angry,63.320045
1400,C:\Users\nrahm\emotion-from-speech\data/raw/ravdess_audios/Actor_24/03-01-04-01-01-01-24.wav,female,sad,32.496613
1401,C:\Users\nrahm\emotion-from-speech\data/raw/ravdess_audios/Actor_24/03-01-04-01-01-02-24.wav,female,sad,29.060186
1402,C:\Users\nrahm\emotion-from-speech\data/raw/ravdess_audios/Actor_24/03-01-04-01-02-01-24.wav,female,sad,34.561428
1403,C:\Users\nrahm\emotion-from-speech\data/raw/ravdess_audios/Actor_24/03-01-04-01-02-02-24.wav,female,sad,32.59528
1404,C:\Users\nrahm\emotion-from-speech\data/raw/ravdess_audios/Actor_24/03-01-04-02-01-01-24.wav,female,sad,46.42925
1405,C:\Users\nrahm\emotion-from-speech\data/raw/ravdess_audios/Actor_24/03-01-04-02-01-02-24.wav,female,sad,45.076374
1406,C:\Users\nrahm\emotion-from-speech\data/raw/ravdess_audios/Actor_24/03-01-04-02-02-01-24.wav,female,sad,42.713745
1407,C:\Users\nrahm\emotion-from-speech\data/raw/ravdess_audios/Actor_24/03-01-04-02-02-02-24.wav,female,sad,35.104336
1408,C:\Users\nrahm\emotion-from-speech\data/raw/ravdess_audios/Actor_24/03-01-05-01-01-01-24.wav,female,angry,52.694942
1409,C:\Users\nrahm\emotion-from-speech\data/raw/ravdess_audios/Actor_24/03-01-05-01-01-02-24.wav,female,angry,53.825443
1410,C:\Users\nrahm\emotion-from-speech\data/raw/ravdess_audios/Actor_24/03-01-05-01-02-01-24.wav,female,angry,51.293068
1411,C:\Users\nrahm\emotion-from-speech\data/raw/ravdess_audios/Actor_24/03-01-05-01-02-02-24.wav,female,angry,50.98173
1412,C:\Users\nrahm\emotion-from-speech\data/raw/ravdess_audios/Actor_24/03-01-05-02-01-01-24.wav,female,angry,59.086357
1413,C:\Users\nrahm\emotion-from-speech\data/raw/ravdess_audios/Actor_24/03-01-05-02-01-02-24.wav,female,angry,56.198036
1414,C:\Users\nrahm\emotion-from-speech\data/raw/ravdess_audios/Actor_24/03-01-05-02-02-01-24.wav,female,angry,53.35379
1415,C:\Users\nrahm\emotion-from-speech\data/raw/ravdess_audios/Actor_24/03-01-05-02-02-02-24.wav,female,angry,52.89896
